market,risk_adjusted_return
minna,5.640515067535891
abuja,5.61759045558268
ibadan,5.309242610064676
lagos,5.081776785777364
