crop,margin_per_kg
rice,54.3056084501
tomato,43.2734367674
maize,37.1292780807
